	dataflowId	agencyId	version
1	ABORIGINAL_POP_PROJ	ABS	1.0.0
2	ABORIGINAL_POP_PROJ_REMOTE	ABS	1.0.0
3	ABS_ABORIGINAL_POPPROJ_INDREGION	ABS	1.0.0
4	ABS_ACLD_LFSTATUS	ABS	1.0.0
5	ABS_ACLD_TENURE	ABS	1.0.0
6	ABS_ACLD_UNPAIDASST	ABS	1.0.0
7	ABS_ACLD_VOLWORK	ABS	1.0.0
8	ABS_ANNUAL_ERP_ASGS	ABS	1.0.0
9	ABS_ANNUAL_ERP_ASGS2016	ABS	1.2.0
10	ABS_ANNUAL_ERP_ASGS2021	ABS	1.2.0
11	ABS_ANNUAL_ERP_LGA2016	ABS	1.0.0
12	ABS_ANNUAL_ERP_LGA2017	ABS	1.0.0
13	ABS_ANNUAL_ERP_LGA2018	ABS	1.0.0
14	ABS_ANNUAL_ERP_LGA2019	ABS	1.0.0
15	ABS_ANNUAL_ERP_LGA2020	ABS	1.0.0
16	ABS_ANNUAL_ERP_LGA2021	ABS	1.0.0
17	ABS_C16_G43_LGA	ABS	1.0.0
18	ABS_C16_G43_SA	ABS	1.0.0
19	ABS_C16_G44_LGA	ABS	1.0.0
20	ABS_C16_G44_SA	ABS	1.0.0
21	ABS_C16_G45_LGA	ABS	1.0.0
22	ABS_C16_G45_SA	ABS	1.0.0
23	ABS_C16_G46_LGA	ABS	1.0.0
24	ABS_C16_G46_SA	ABS	1.0.0
25	ABS_C16_G47_LGA	ABS	1.0.0
26	ABS_C16_G47_SA	ABS	1.0.0
27	ABS_C16_G48_LGA	ABS	1.0.0
28	ABS_C16_G48_SA	ABS	1.0.0
29	ABS_C16_G49_LGA	ABS	1.0.0
30	ABS_C16_G49_SA	ABS	1.0.0
31	ABS_C16_G50_LGA	ABS	1.0.0
32	ABS_C16_G50_SA	ABS	1.0.0
33	ABS_C16_G51_LGA	ABS	1.0.0
34	ABS_C16_G51_SA	ABS	1.0.0
35	ABS_C16_G52_LGA	ABS	1.0.0
36	ABS_C16_G52_SA	ABS	1.0.0
37	ABS_C16_G53_LGA	ABS	1.0.0
38	ABS_C16_G53_SA	ABS	1.0.0
39	ABS_C16_G56_LGA	ABS	1.0.0
40	ABS_C16_G56_SA	ABS	1.0.0
41	ABS_C16_G57_LGA	ABS	1.0.0
42	ABS_C16_G57_SA	ABS	1.0.0
43	ABS_C16_G58_LGA	ABS	1.0.0
44	ABS_C16_G58_SA	ABS	1.0.0
45	ABS_C16_G59_LGA	ABS	1.0.0
46	ABS_C16_G59_SA	ABS	1.0.0
47	ABS_C16_T01_LGA	ABS	1.0.0
48	ABS_C16_T01_SA	ABS	1.0.0
49	ABS_C16_T01_TS_LGA	ABS	1.0.0
50	ABS_C16_T01_TS_SA	ABS	1.0.0
51	ABS_C16_T02_LGA	ABS	1.0.0
52	ABS_C16_T02_SA	ABS	1.0.0
53	ABS_C16_T02_TS_LGA	ABS	1.0.0
54	ABS_C16_T02_TS_SA	ABS	1.0.0
55	ABS_C16_T03_LGA	ABS	1.0.0
56	ABS_C16_T03_SA	ABS	1.0.0
57	ABS_C16_T03_TS_LGA	ABS	1.0.0
58	ABS_C16_T03_TS_SA	ABS	1.0.0
59	ABS_C16_T04_LGA	ABS	1.0.0
60	ABS_C16_T04_SA	ABS	1.0.0
61	ABS_C16_T04_TS_LGA	ABS	1.0.0
62	ABS_C16_T04_TS_SA	ABS	1.0.0
63	ABS_C16_T05_LGA	ABS	1.0.0
64	ABS_C16_T05_SA	ABS	1.0.0
65	ABS_C16_T06_LGA	ABS	1.0.0
66	ABS_C16_T06_SA	ABS	1.0.0
67	ABS_C16_T07_LGA	ABS	1.0.0
68	ABS_C16_T07_SA	ABS	1.0.0
69	ABS_C16_T08_LGA	ABS	1.0.0
70	ABS_C16_T08_SA	ABS	1.0.0
71	ABS_C16_T08_TS_LGA	ABS	1.0.0
72	ABS_C16_T08_TS_SA	ABS	1.0.0
73	ABS_C16_T09_LGA	ABS	1.0.0
74	ABS_C16_T09_SA	ABS	1.0.0
75	ABS_C16_T10_LGA	ABS	1.0.0
76	ABS_C16_T10_SA	ABS	1.0.0
77	ABS_C16_T11_LGA	ABS	1.0.0
78	ABS_C16_T11_SA	ABS	1.0.0
79	ABS_C16_T11_TS_LGA	ABS	1.0.0
80	ABS_C16_T11_TS_SA	ABS	1.0.0
81	ABS_C16_T12_LGA	ABS	1.0.0
82	ABS_C16_T12_SA	ABS	1.0.0
83	ABS_C16_T12_TS_LGA	ABS	1.0.0
84	ABS_C16_T12_TS_SA	ABS	1.0.0
85	ABS_C16_T13_LGA	ABS	1.0.0
86	ABS_C16_T13_SA	ABS	1.0.0
87	ABS_C16_T14_LGA	ABS	1.0.0
88	ABS_C16_T14_SA	ABS	1.0.0
89	ABS_C16_T14_TS_LGA	ABS	1.0.0
90	ABS_C16_T14_TS_SA	ABS	1.0.0
91	ABS_C16_T15_LGA	ABS	1.0.0
92	ABS_C16_T15_SA	ABS	1.0.0
93	ABS_C16_T15_TS_LGA	ABS	1.0.0
94	ABS_C16_T15_TS_SA	ABS	1.0.0
95	ABS_C16_T16_LGA	ABS	1.0.0
96	ABS_C16_T16_SA	ABS	1.0.0
97	ABS_C16_T16_TS_LGA	ABS	1.0.0
98	ABS_C16_T16_TS_SA	ABS	1.0.0
99	ABS_C16_T17_LGA	ABS	1.0.0
100	ABS_C16_T17_SA	ABS	1.0.0
101	ABS_C16_T17_TS_LGA	ABS	1.0.0
102	ABS_C16_T17_TS_SA	ABS	1.0.0
103	ABS_C16_T18_LGA	ABS	1.0.0
104	ABS_C16_T18_SA	ABS	1.0.0
105	ABS_C16_T18_TS_LGA	ABS	1.0.0
106	ABS_C16_T18_TS_SA	ABS	1.0.0
107	ABS_C16_T19_LGA	ABS	1.0.0
108	ABS_C16_T19_SA	ABS	1.0.0
109	ABS_C16_T20_LGA	ABS	1.0.0
110	ABS_C16_T20_SA	ABS	1.0.0
111	ABS_C16_T20_TS_LGA	ABS	1.0.0
112	ABS_C16_T20_TS_SA	ABS	1.0.0
113	ABS_C16_T21_LGA	ABS	1.0.0
114	ABS_C16_T21_SA	ABS	1.0.0
115	ABS_C16_T22_LGA	ABS	1.0.0
116	ABS_C16_T22_SA	ABS	1.0.0
117	ABS_C16_T22_TS_LGA	ABS	1.0.0
118	ABS_C16_T22_TS_SA	ABS	1.0.0
119	ABS_C16_T23_LGA	ABS	1.0.0
120	ABS_C16_T23_SA	ABS	1.0.0
121	ABS_C16_T23_TS_LGA	ABS	1.0.0
122	ABS_C16_T23_TS_SA	ABS	1.0.0
123	ABS_C16_T24_LGA	ABS	1.0.0
124	ABS_C16_T24_SA	ABS	1.0.0
125	ABS_C16_T24_TS_LGA	ABS	1.0.0
126	ABS_C16_T24_TS_SA	ABS	1.0.0
127	ABS_C16_T25_LGA	ABS	1.0.0
128	ABS_C16_T25_SA	ABS	1.0.0
129	ABS_C16_T25_TS_LGA	ABS	1.0.0
130	ABS_C16_T25_TS_SA	ABS	1.0.0
131	ABS_C16_T26_LGA	ABS	1.0.0
132	ABS_C16_T26_SA	ABS	1.0.0
133	ABS_C16_T26_TS_LGA	ABS	1.0.0
134	ABS_C16_T26_TS_SA	ABS	1.0.0
135	ABS_C16_T27_LGA	ABS	1.0.0
136	ABS_C16_T27_SA	ABS	1.0.0
137	ABS_C16_T27_TS_LGA	ABS	1.0.0
138	ABS_C16_T27_TS_SA	ABS	1.0.0
139	ABS_C16_T28_LGA	ABS	1.0.0
140	ABS_C16_T28_SA	ABS	1.0.0
141	ABS_C16_T28_TS_LGA	ABS	1.0.0
142	ABS_C16_T28_TS_SA	ABS	1.0.0
143	ABS_C16_T29_TS_LGA	ABS	1.0.0
144	ABS_C16_T29_TS_SA	ABS	1.0.0
145	ABS_C16_T31_TS_LGA	ABS	1.0.0
146	ABS_C16_T31_TS_SA	ABS	1.0.0
147	ABS_C16_T32_TS_LGA	ABS	1.0.0
148	ABS_C16_T32_TS_SA	ABS	1.0.0
149	ABS_C16_T33_TS_LGA	ABS	1.0.0
150	ABS_C16_T33_TS_SA	ABS	1.0.0
151	ABS_C16_T34_TS_LGA	ABS	1.0.0
152	ABS_C16_T34_TS_SA	ABS	1.0.0
153	ABS_C16_T35_TS_LGA	ABS	1.0.0
154	ABS_C16_T35_TS_SA	ABS	1.0.0
155	ABS_CENSUS2011_B01	ABS	1.0.0
156	ABS_CENSUS2011_B01_LGA	ABS	1.0.0
157	ABS_CENSUS2011_B01_SA1_SA	ABS	1.0.0
158	ABS_CENSUS2011_B02	ABS	1.0.0
159	ABS_CENSUS2011_B02_LGA	ABS	1.0.0
160	ABS_CENSUS2011_B02_SA1_SA	ABS	1.0.0
161	ABS_CENSUS2011_B03	ABS	1.0.0
162	ABS_CENSUS2011_B03_LGA	ABS	1.0.0
163	ABS_CENSUS2011_B03_SA1_SA	ABS	1.0.0
164	ABS_CENSUS2011_B04	ABS	1.0.0
165	ABS_CENSUS2011_B04_LGA	ABS	1.0.0
166	ABS_CENSUS2011_B04_SA1_SA	ABS	1.0.0
167	ABS_CENSUS2011_B05	ABS	1.0.0
168	ABS_CENSUS2011_B05_LGA	ABS	1.0.0
169	ABS_CENSUS2011_B05_SA1_SA	ABS	1.0.0
170	ABS_CENSUS2011_B06	ABS	1.0.0
171	ABS_CENSUS2011_B06_LGA	ABS	1.0.0
172	ABS_CENSUS2011_B06_SA1_SA	ABS	1.0.0
173	ABS_CENSUS2011_B07	ABS	1.0.0
174	ABS_CENSUS2011_B07_LGA	ABS	1.0.0
175	ABS_CENSUS2011_B07_SA1_SA	ABS	1.0.0
176	ABS_CENSUS2011_B08	ABS	1.0.0
177	ABS_CENSUS2011_B08_LGA	ABS	1.0.0
178	ABS_CENSUS2011_B08_SA1_SA	ABS	1.0.0
179	ABS_CENSUS2011_B09	ABS	1.0.0
180	ABS_CENSUS2011_B09_LGA	ABS	1.0.0
181	ABS_CENSUS2011_B09_SA1_SA	ABS	1.0.0
182	ABS_CENSUS2011_B10	ABS	1.0.0
183	ABS_CENSUS2011_B10_LGA	ABS	1.0.0
184	ABS_CENSUS2011_B10_SA1_SA	ABS	1.0.0
185	ABS_CENSUS2011_B11	ABS	1.0.0
186	ABS_CENSUS2011_B11_LGA	ABS	1.0.0
187	ABS_CENSUS2011_B11_SA1_SA	ABS	1.0.0
188	ABS_CENSUS2011_B12	ABS	1.0.0
189	ABS_CENSUS2011_B12_LGA	ABS	1.0.0
190	ABS_CENSUS2011_B12_SA1_SA	ABS	1.0.0
191	ABS_CENSUS2011_B13	ABS	1.0.0
192	ABS_CENSUS2011_B13_LGA	ABS	1.0.0
193	ABS_CENSUS2011_B13_SA1_SA	ABS	1.0.0
194	ABS_CENSUS2011_B14	ABS	1.0.0
195	ABS_CENSUS2011_B14_LGA	ABS	1.0.0
196	ABS_CENSUS2011_B14_SA1_SA	ABS	1.0.0
197	ABS_CENSUS2011_B15	ABS	1.0.0
198	ABS_CENSUS2011_B15_LGA	ABS	1.0.0
199	ABS_CENSUS2011_B15_SA1_SA	ABS	1.0.0
200	ABS_CENSUS2011_B16	ABS	1.0.0
201	ABS_CENSUS2011_B16_LGA	ABS	1.0.0
202	ABS_CENSUS2011_B16_SA1_SA	ABS	1.0.0
203	ABS_CENSUS2011_B17	ABS	1.0.0
204	ABS_CENSUS2011_B17_LGA	ABS	1.0.0
205	ABS_CENSUS2011_B17_SA1_SA	ABS	1.0.0
206	ABS_CENSUS2011_B18	ABS	1.0.0
207	ABS_CENSUS2011_B18_LGA	ABS	1.0.0
208	ABS_CENSUS2011_B18_SA1_SA	ABS	1.0.0
209	ABS_CENSUS2011_B19	ABS	1.0.0
210	ABS_CENSUS2011_B19_LGA	ABS	1.0.0
211	ABS_CENSUS2011_B19_SA1_SA	ABS	1.0.0
212	ABS_CENSUS2011_B20	ABS	1.0.0
213	ABS_CENSUS2011_B20_LGA	ABS	1.0.0
214	ABS_CENSUS2011_B20_SA1_SA	ABS	1.0.0
215	ABS_CENSUS2011_B21	ABS	1.0.0
216	ABS_CENSUS2011_B21_LGA	ABS	1.0.0
217	ABS_CENSUS2011_B21_SA1_SA	ABS	1.0.0
218	ABS_CENSUS2011_B22	ABS	1.0.0
219	ABS_CENSUS2011_B22_LGA	ABS	1.0.0
220	ABS_CENSUS2011_B22_SA1_SA	ABS	1.0.0
221	ABS_CENSUS2011_B23	ABS	1.0.0
222	ABS_CENSUS2011_B23_LGA	ABS	1.0.0
223	ABS_CENSUS2011_B23_SA1_SA	ABS	1.0.0
224	ABS_CENSUS2011_B24	ABS	1.0.0
225	ABS_CENSUS2011_B24_LGA	ABS	1.0.0
226	ABS_CENSUS2011_B24_SA1_SA	ABS	1.0.0
227	ABS_CENSUS2011_B25	ABS	1.0.0
228	ABS_CENSUS2011_B25_LGA	ABS	1.0.0
229	ABS_CENSUS2011_B25_SA1_SA	ABS	1.0.0
230	ABS_CENSUS2011_B26	ABS	1.0.0
231	ABS_CENSUS2011_B26_LGA	ABS	1.0.0
232	ABS_CENSUS2011_B26_SA1_SA	ABS	1.0.0
233	ABS_CENSUS2011_B27	ABS	1.0.0
234	ABS_CENSUS2011_B27_LGA	ABS	1.0.0
235	ABS_CENSUS2011_B27_SA1_SA	ABS	1.0.0
236	ABS_CENSUS2011_B28	ABS	1.0.0
237	ABS_CENSUS2011_B28_LGA	ABS	1.0.0
238	ABS_CENSUS2011_B28_SA1_SA	ABS	1.0.0
239	ABS_CENSUS2011_B29	ABS	1.0.0
240	ABS_CENSUS2011_B29_LGA	ABS	1.0.0
241	ABS_CENSUS2011_B29_SA1_SA	ABS	1.0.0
242	ABS_CENSUS2011_B30	ABS	1.0.0
243	ABS_CENSUS2011_B30_LGA	ABS	1.0.0
244	ABS_CENSUS2011_B30_SA1_SA	ABS	1.0.0
245	ABS_CENSUS2011_B31	ABS	1.0.0
246	ABS_CENSUS2011_B31_LGA	ABS	1.0.0
247	ABS_CENSUS2011_B31_SA1_SA	ABS	1.0.0
248	ABS_CENSUS2011_B32	ABS	1.0.0
249	ABS_CENSUS2011_B32_LGA	ABS	1.0.0
250	ABS_CENSUS2011_B32_SA1_SA	ABS	1.0.0
251	ABS_CENSUS2011_B33	ABS	1.0.0
252	ABS_CENSUS2011_B33_LGA	ABS	1.0.0
253	ABS_CENSUS2011_B33_SA1_SA	ABS	1.0.0
254	ABS_CENSUS2011_B34	ABS	1.0.0
255	ABS_CENSUS2011_B34_LGA	ABS	1.0.0
256	ABS_CENSUS2011_B34_SA1_SA	ABS	1.0.0
257	ABS_CENSUS2011_B35	ABS	1.0.0
258	ABS_CENSUS2011_B35_LGA	ABS	1.0.0
259	ABS_CENSUS2011_B35_SA1_SA	ABS	1.0.0
260	ABS_CENSUS2011_B36	ABS	1.0.0
261	ABS_CENSUS2011_B36_LGA	ABS	1.0.0
262	ABS_CENSUS2011_B36_SA1_SA	ABS	1.0.0
263	ABS_CENSUS2011_B37	ABS	1.0.0
264	ABS_CENSUS2011_B37_LGA	ABS	1.0.0
265	ABS_CENSUS2011_B37_SA1_SA	ABS	1.0.0
266	ABS_CENSUS2011_B38	ABS	1.0.0
267	ABS_CENSUS2011_B38_LGA	ABS	1.0.0
268	ABS_CENSUS2011_B38_SA1_SA	ABS	1.0.0
269	ABS_CENSUS2011_B39	ABS	1.0.0
270	ABS_CENSUS2011_B39_LGA	ABS	1.0.0
271	ABS_CENSUS2011_B39_SA1_SA	ABS	1.0.0
272	ABS_CENSUS2011_B40	ABS	1.0.0
273	ABS_CENSUS2011_B40_LGA	ABS	1.0.0
274	ABS_CENSUS2011_B40_SA1_SA	ABS	1.0.0
275	ABS_CENSUS2011_B41	ABS	1.0.0
276	ABS_CENSUS2011_B41_LGA	ABS	1.0.0
277	ABS_CENSUS2011_B41_SA1_SA	ABS	1.0.0
278	ABS_CENSUS2011_B42	ABS	1.0.0
279	ABS_CENSUS2011_B42_LGA	ABS	1.0.0
280	ABS_CENSUS2011_B42_SA1_SA	ABS	1.0.0
281	ABS_CENSUS2011_B43	ABS	1.0.0
282	ABS_CENSUS2011_B43_LGA	ABS	1.0.0
283	ABS_CENSUS2011_B43_SA1_SA	ABS	1.0.0
284	ABS_CENSUS2011_B44	ABS	1.0.0
285	ABS_CENSUS2011_B44_LGA	ABS	1.0.0
286	ABS_CENSUS2011_B44_SA1_SA	ABS	1.0.0
287	ABS_CENSUS2011_B45	ABS	1.0.0
288	ABS_CENSUS2011_B45_LGA	ABS	1.0.0
289	ABS_CENSUS2011_B45_SA1_SA	ABS	1.0.0
290	ABS_CENSUS2011_B46	ABS	1.0.0
291	ABS_CENSUS2011_B46_LGA	ABS	1.0.0
292	ABS_CENSUS2011_B46_SA1_SA	ABS	1.0.0
293	ABS_CENSUS2011_T01	ABS	1.0.0
294	ABS_CENSUS2011_T01_LGA	ABS	1.0.0
295	ABS_CENSUS2011_T02	ABS	1.0.0
296	ABS_CENSUS2011_T02_LGA	ABS	1.0.0
297	ABS_CENSUS2011_T03	ABS	1.0.0
298	ABS_CENSUS2011_T03_LGA	ABS	1.0.0
299	ABS_CENSUS2011_T04	ABS	1.0.0
300	ABS_CENSUS2011_T04_LGA	ABS	1.0.0
301	ABS_CENSUS2011_T05	ABS	1.0.0
302	ABS_CENSUS2011_T05_LGA	ABS	1.0.0
303	ABS_CENSUS2011_T06	ABS	1.0.0
304	ABS_CENSUS2011_T06_LGA	ABS	1.0.0
305	ABS_CENSUS2011_T07	ABS	1.0.0
306	ABS_CENSUS2011_T07_LGA	ABS	1.0.0
307	ABS_CENSUS2011_T08	ABS	1.0.0
308	ABS_CENSUS2011_T08_LGA	ABS	1.0.0
309	ABS_CENSUS2011_T09	ABS	1.0.0
310	ABS_CENSUS2011_T09_LGA	ABS	1.0.0
311	ABS_CENSUS2011_T10	ABS	1.0.0
312	ABS_CENSUS2011_T10_LGA	ABS	1.0.0
313	ABS_CENSUS2011_T11	ABS	1.0.0
314	ABS_CENSUS2011_T11_LGA	ABS	1.0.0
315	ABS_CENSUS2011_T12	ABS	1.0.0
316	ABS_CENSUS2011_T12_LGA	ABS	1.0.0
317	ABS_CENSUS2011_T13	ABS	1.0.0
318	ABS_CENSUS2011_T13_LGA	ABS	1.0.0
319	ABS_CENSUS2011_T14	ABS	1.0.0
320	ABS_CENSUS2011_T14_LGA	ABS	1.0.0
321	ABS_CENSUS2011_T15	ABS	1.0.0
322	ABS_CENSUS2011_T15_LGA	ABS	1.0.0
323	ABS_CENSUS2011_T16	ABS	1.0.0
324	ABS_CENSUS2011_T16_LGA	ABS	1.0.0
325	ABS_CENSUS2011_T17	ABS	1.0.0
326	ABS_CENSUS2011_T17_LGA	ABS	1.0.0
327	ABS_CENSUS2011_T18	ABS	1.0.0
328	ABS_CENSUS2011_T18_LGA	ABS	1.0.0
329	ABS_CENSUS2011_T19	ABS	1.0.0
330	ABS_CENSUS2011_T19_LGA	ABS	1.0.0
331	ABS_CENSUS2011_T20	ABS	1.0.0
332	ABS_CENSUS2011_T20_LGA	ABS	1.0.0
333	ABS_CENSUS2011_T21	ABS	1.0.0
334	ABS_CENSUS2011_T21_LGA	ABS	1.0.0
335	ABS_CENSUS2011_T22	ABS	1.0.0
336	ABS_CENSUS2011_T22_LGA	ABS	1.0.0
337	ABS_CENSUS2011_T23	ABS	1.0.0
338	ABS_CENSUS2011_T23_LGA	ABS	1.0.0
339	ABS_CENSUS2011_T24	ABS	1.0.0
340	ABS_CENSUS2011_T24_LGA	ABS	1.0.0
341	ABS_CENSUS2011_T25	ABS	1.0.0
342	ABS_CENSUS2011_T25_LGA	ABS	1.0.0
343	ABS_CENSUS2011_T26	ABS	1.0.0
344	ABS_CENSUS2011_T26_LGA	ABS	1.0.0
345	ABS_CENSUS2011_T27	ABS	1.0.0
346	ABS_CENSUS2011_T27_LGA	ABS	1.0.0
347	ABS_CENSUS2011_T28	ABS	1.0.0
348	ABS_CENSUS2011_T28_LGA	ABS	1.0.0
349	ABS_CENSUS2011_T29	ABS	1.0.0
350	ABS_CENSUS2011_T29_LGA	ABS	1.0.0
351	ABS_CENSUS2011_T30	ABS	1.0.0
352	ABS_CENSUS2011_T30_LGA	ABS	1.0.0
353	ABS_CENSUS2011_T31	ABS	1.0.0
354	ABS_CENSUS2011_T31_LGA	ABS	1.0.0
355	ABS_CENSUS2011_T32	ABS	1.0.0
356	ABS_CENSUS2011_T32_LGA	ABS	1.0.0
357	ABS_CENSUS2011_T33	ABS	1.0.0
358	ABS_CENSUS2011_T33_LGA	ABS	1.0.0
359	ABS_CENSUS2011_T34	ABS	1.0.0
360	ABS_CENSUS2011_T34_LGA	ABS	1.0.0
361	ABS_DEM_QIM	ABS	1.0.0
362	ABS_ERP_ASGS	ABS	1.0.0
363	ABS_ERP_COB_STATE	ABS	1.0.0
364	ABS_ERP_COMP_LGA	ABS	1.0.0
365	ABS_ERP_COMP_LGA2018	ABS	1.0.0
366	ABS_ERP_LGA2016	ABS	1.0.0
367	ABS_ERP_LGA2017	ABS	1.0.0
368	ABS_ERP_LGA2018	ABS	1.0.0
369	ABS_FAMILY_PROJ	ABS	1.0.0
370	ABS_HH_PROV	ABS	1.0.0
371	ABS_INTERNET_ACCESS	ABS	1.0.0
372	ABS_INTERNET_COMMERCE	ABS	1.0.0
373	ABS_IT_BARRIER	ABS	1.0.0
374	ABS_IT_BUS_STRUC	ABS	1.0.0
375	ABS_IT_FINANCE	ABS	1.0.0
376	ABS_IT_INNOVATION	ABS	1.0.0
377	ABS_IT_MKTCOMP	ABS	1.0.0
378	ABS_IT_PERF	ABS	1.0.0
379	ABS_IT_SKILLS	ABS	1.0.0
380	ABS_IT_SUPPORT	ABS	1.0.0
381	ABS_LABOUR_ACCT	ABS	1.0.0
382	ABS_LABOUR_ACCT_UNBAL	ABS	1.0.0
383	ABS_LAMPS	ABS	1.0.0
384	ABS_LAMPS2014	ABS	1.0.0
385	ABS_LAND_COVER	ABS	1.0.0
386	ABS_LAND_USE	ABS	1.0.0
387	ABS_MONETARY_ACCOUNT	ABS	1.0.0
388	ABS_NOM_VISA_CY	ABS	1.0.0
389	ABS_NOM_VISA_FY	ABS	1.0.0
390	ABS_PERSONS_PROJ	ABS	1.0.0
391	ABS_PHYSICAL_ACCOUNT_LC	ABS	1.0.0
392	ABS_PHYSICAL_ACCOUNT_LU	ABS	1.0.0
393	ABS_REGIONAL_ASGS2016	ABS	1.2.0
394	ABS_REGIONAL_ASGS2021	ABS	1.0.0
395	ABS_REGIONAL_INDIGENOUS	ABS	1.1.0
396	ABS_REGIONAL_INDIGENOUS_2021	ABS	1.0.0
397	ABS_REGIONAL_LGA2017	ABS	1.0.0
398	ABS_REGIONAL_LGA2018	ABS	1.0.0
399	ABS_REGIONAL_LGA2019	ABS	1.0.0
400	ABS_REGIONAL_LGA2020	ABS	1.2.0
401	ABS_REGIONAL_LGA2021	ABS	1.0.0
402	ABS_REGIONAL_MIGRATION	ABS	1.0.0
403	ABS_REGIONAL_REMOTENESS	ABS	1.2.0
404	ABS_SEIFA2016_LGA	ABS	1.0.0
405	ABS_SEIFA2016_POA	ABS	1.0.0
406	ABS_SEIFA2016_SA1	ABS	1.0.0
407	ABS_SEIFA2016_SA2	ABS	1.0.0
408	ABS_SEIFA2016_SSC	ABS	1.0.0
409	ABS_SEIFA_LGA	ABS	1.0.0
410	ABS_SEIFA_SA2	ABS	1.0.0
411	ABS_SEIFA_SLA	ABS	1.0.0
412	ABS_SU_TABLE_2018	ABS	1.0.0
413	ABS_SU_TABLE_2020	ABS	1.0.0
414	ABS_SU_TABLE_2021	ABS	1.0.0
415	ALC	ABS	1.0.0
416	AMLPS_PART_2017	ABS	1.0.0
417	AMLPS_RESP_2017	ABS	1.0.0
418	ANA_AGG	ABS	1.0.0
419	ATSI_BIRTHS_SUMM	ABS	1.0.0
420	ATSI_FERTILITY	ABS	1.0.0
421	AWE	ABS	1.0.0
422	BA_GCCSA	ABS	1.0.0
423	BA_LGA2018	ABS	1.0.0
424	BA_LGA2019	ABS	1.0.0
425	BA_LGA2020	ABS	1.0.0
426	BA_LGA2021	ABS	1.0.0
427	BA_LGA2022	ABS	1.0.0
428	BA_SA2	ABS	2.0.0
429	BA_SA2_201116	ABS	1.0.0
430	BCS_BUSINF	ABS	1.0.0
431	BCS_INN	ABS	1.0.0
432	BCS_INNACT	ABS	1.0.0
433	BCS_INNSIG	ABS	1.0.0
434	BIRTHS_AGE_FATHER	ABS	1.0.0
435	BIRTHS_AGE_MOTHER	ABS	1.0.0
436	BIRTHS_MONTH_OCCURRENCE	ABS	1.0.0
437	BIRTHS_SUMMARY	ABS	1.0.0
438	BOP	ABS	1.0.0
439	BOP_FACTOR	ABS	1.0.0
440	BOP_GOODS	ABS	1.0.0
441	BOP_STATE	ABS	1.0.0
442	BUILDING_ACTIVITY	ABS	1.0.0
443	BUSINESS_TURNOVER	ABS	1.0.0
444	BWD	ABS	1.0.0
445	C21_G01_CED	ABS	1.0.0
446	C21_G01_LGA	ABS	1.0.0
447	C21_G01_POA	ABS	1.0.0
448	C21_G01_SA2	ABS	1.0.0
449	C21_G01_SAL	ABS	1.0.0
450	C21_G01_SED	ABS	1.0.0
451	C21_G01_SUA	ABS	1.0.0
452	C21_G01_UCL	ABS	1.0.0
453	C21_G02_CED	ABS	1.0.0
454	C21_G02_LGA	ABS	1.0.0
455	C21_G02_POA	ABS	1.0.0
456	C21_G02_SA2	ABS	1.0.0
457	C21_G02_SAL	ABS	1.0.0
458	C21_G02_SED	ABS	1.0.0
459	C21_G02_SUA	ABS	1.0.0
460	C21_G02_UCL	ABS	1.0.0
461	C21_G03_CED	ABS	1.0.0
462	C21_G03_LGA	ABS	1.0.0
463	C21_G03_POA	ABS	1.0.0
464	C21_G03_SA2	ABS	1.0.0
465	C21_G03_SAL	ABS	1.0.0
466	C21_G03_SED	ABS	1.0.0
467	C21_G03_SUA	ABS	1.0.0
468	C21_G03_UCL	ABS	1.0.0
469	C21_G04_CED	ABS	1.0.0
470	C21_G04_LGA	ABS	1.0.0
471	C21_G04_POA	ABS	1.0.0
472	C21_G04_SA2	ABS	1.0.0
473	C21_G04_SAL	ABS	1.0.0
474	C21_G04_SED	ABS	1.0.0
475	C21_G04_SUA	ABS	1.0.0
476	C21_G04_UCL	ABS	1.0.0
477	C21_G05_CED	ABS	1.0.0
478	C21_G05_LGA	ABS	1.0.0
479	C21_G05_POA	ABS	1.0.0
480	C21_G05_SA2	ABS	1.0.0
481	C21_G05_SAL	ABS	1.0.0
482	C21_G05_SED	ABS	1.0.0
483	C21_G05_SUA	ABS	1.0.0
484	C21_G05_UCL	ABS	1.0.0
485	C21_G06_CED	ABS	1.0.0
486	C21_G06_LGA	ABS	1.0.0
487	C21_G06_POA	ABS	1.0.0
488	C21_G06_SA2	ABS	1.0.0
489	C21_G06_SAL	ABS	1.0.0
490	C21_G06_SED	ABS	1.0.0
491	C21_G06_SUA	ABS	1.0.0
492	C21_G06_UCL	ABS	1.0.0
493	C21_G07_CED	ABS	1.0.0
494	C21_G07_LGA	ABS	1.0.0
495	C21_G07_POA	ABS	1.0.0
496	C21_G07_SA2	ABS	1.0.0
497	C21_G07_SAL	ABS	1.0.0
498	C21_G07_SED	ABS	1.0.0
499	C21_G07_SUA	ABS	1.0.0
500	C21_G07_UCL	ABS	1.0.0
501	C21_G08_CED	ABS	1.0.0
502	C21_G08_LGA	ABS	1.0.0
503	C21_G08_POA	ABS	1.0.0
504	C21_G08_SA2	ABS	1.0.0
505	C21_G08_SAL	ABS	1.0.0
506	C21_G08_SED	ABS	1.0.0
507	C21_G08_SUA	ABS	1.0.0
508	C21_G08_UCL	ABS	1.0.0
509	C21_G09_CED	ABS	1.0.0
510	C21_G09_LGA	ABS	1.0.0
511	C21_G09_POA	ABS	1.0.0
512	C21_G09_SA2	ABS	1.0.0
513	C21_G09_SAL	ABS	1.0.0
514	C21_G09_SED	ABS	1.0.0
515	C21_G09_SUA	ABS	1.0.0
516	C21_G09_UCL	ABS	1.0.0
517	C21_G10_CED	ABS	1.0.0
518	C21_G10_LGA	ABS	1.0.0
519	C21_G10_POA	ABS	1.0.0
520	C21_G10_SA2	ABS	1.0.0
521	C21_G10_SAL	ABS	1.0.0
522	C21_G10_SED	ABS	1.0.0
523	C21_G10_SUA	ABS	1.0.0
524	C21_G10_UCL	ABS	1.0.0
525	C21_G11_CED	ABS	1.0.0
526	C21_G11_LGA	ABS	1.0.0
527	C21_G11_POA	ABS	1.0.0
528	C21_G11_SA2	ABS	1.0.0
529	C21_G11_SAL	ABS	1.0.0
530	C21_G11_SED	ABS	1.0.0
531	C21_G11_SUA	ABS	1.0.0
532	C21_G11_UCL	ABS	1.0.0
533	C21_G12_CED	ABS	1.0.0
534	C21_G12_LGA	ABS	1.0.0
535	C21_G12_POA	ABS	1.0.0
536	C21_G12_SA2	ABS	1.0.0
537	C21_G12_SAL	ABS	1.0.0
538	C21_G12_SED	ABS	1.0.0
539	C21_G12_SUA	ABS	1.0.0
540	C21_G12_UCL	ABS	1.0.0
541	C21_G13_CED	ABS	1.0.0
542	C21_G13_LGA	ABS	1.0.0
543	C21_G13_POA	ABS	1.0.0
544	C21_G13_SA2	ABS	1.0.0
545	C21_G13_SAL	ABS	1.0.0
546	C21_G13_SED	ABS	1.0.0
547	C21_G13_SUA	ABS	1.0.0
548	C21_G13_UCL	ABS	1.0.0
549	C21_G14_CED	ABS	1.0.0
550	C21_G14_LGA	ABS	1.0.0
551	C21_G14_POA	ABS	1.0.0
552	C21_G14_SA2	ABS	1.0.0
553	C21_G14_SAL	ABS	1.0.0
554	C21_G14_SED	ABS	1.0.0
555	C21_G14_SUA	ABS	1.0.0
556	C21_G14_UCL	ABS	1.0.0
557	C21_G15_CED	ABS	1.0.0
558	C21_G15_LGA	ABS	1.0.0
559	C21_G15_POA	ABS	1.0.0
560	C21_G15_SA2	ABS	1.0.0
561	C21_G15_SAL	ABS	1.0.0
562	C21_G15_SED	ABS	1.0.0
563	C21_G15_SUA	ABS	1.0.0
564	C21_G15_UCL	ABS	1.0.0
565	C21_G16_CED	ABS	1.0.0
566	C21_G16_LGA	ABS	1.0.0
567	C21_G16_POA	ABS	1.0.0
568	C21_G16_SA2	ABS	1.0.0
569	C21_G16_SAL	ABS	1.0.0
570	C21_G16_SED	ABS	1.0.0
571	C21_G16_SUA	ABS	1.0.0
572	C21_G16_UCL	ABS	1.0.0
573	C21_G17_CED	ABS	1.0.0
574	C21_G17_LGA	ABS	1.0.0
575	C21_G17_POA	ABS	1.0.0
576	C21_G17_SA2	ABS	1.0.0
577	C21_G17_SAL	ABS	1.0.0
578	C21_G17_SED	ABS	1.0.0
579	C21_G17_SUA	ABS	1.0.0
580	C21_G17_UCL	ABS	1.0.0
581	C21_G18_CED	ABS	1.0.0
582	C21_G18_LGA	ABS	1.0.0
583	C21_G18_POA	ABS	1.0.0
584	C21_G18_SA2	ABS	1.0.0
585	C21_G18_SAL	ABS	1.0.0
586	C21_G18_SED	ABS	1.0.0
587	C21_G18_SUA	ABS	1.0.0
588	C21_G18_UCL	ABS	1.0.0
589	C21_G19_CED	ABS	1.0.0
590	C21_G19_LGA	ABS	1.0.0
591	C21_G19_POA	ABS	1.0.0
592	C21_G19_SA2	ABS	1.0.0
593	C21_G19_SAL	ABS	1.0.0
594	C21_G19_SED	ABS	1.0.0
595	C21_G19_SUA	ABS	1.0.0
596	C21_G19_UCL	ABS	1.0.0
597	C21_G20_CED	ABS	1.0.0
598	C21_G20_LGA	ABS	1.0.0
599	C21_G20_POA	ABS	1.0.0
600	C21_G20_SA2	ABS	1.0.0
601	C21_G20_SAL	ABS	1.0.0
602	C21_G20_SED	ABS	1.0.0
603	C21_G20_SUA	ABS	1.0.0
604	C21_G20_UCL	ABS	1.0.0
605	C21_G21_CED	ABS	1.0.0
606	C21_G21_LGA	ABS	1.0.0
607	C21_G21_POA	ABS	1.0.0
608	C21_G21_SA2	ABS	1.0.0
609	C21_G21_SAL	ABS	1.0.0
610	C21_G21_SED	ABS	1.0.0
611	C21_G21_SUA	ABS	1.0.0
612	C21_G21_UCL	ABS	1.0.0
613	C21_G22_CED	ABS	1.0.0
614	C21_G22_LGA	ABS	1.0.0
615	C21_G22_POA	ABS	1.0.0
616	C21_G22_SA2	ABS	1.0.0
617	C21_G22_SAL	ABS	1.0.0
618	C21_G22_SED	ABS	1.0.0
619	C21_G22_SUA	ABS	1.0.0
620	C21_G22_UCL	ABS	1.0.0
621	C21_G23_CED	ABS	1.0.0
622	C21_G23_LGA	ABS	1.0.0
623	C21_G23_POA	ABS	1.0.0
624	C21_G23_SA2	ABS	1.0.0
625	C21_G23_SAL	ABS	1.0.0
626	C21_G23_SED	ABS	1.0.0
627	C21_G23_SUA	ABS	1.0.0
628	C21_G23_UCL	ABS	1.0.0
629	C21_G24_CED	ABS	1.0.0
630	C21_G24_LGA	ABS	1.0.0
631	C21_G24_POA	ABS	1.0.0
632	C21_G24_SA2	ABS	1.0.0
633	C21_G24_SAL	ABS	1.0.0
634	C21_G24_SED	ABS	1.0.0
635	C21_G24_SUA	ABS	1.0.0
636	C21_G24_UCL	ABS	1.0.0
637	C21_G25_CED	ABS	1.0.0
638	C21_G25_LGA	ABS	1.0.0
639	C21_G25_POA	ABS	1.0.0
640	C21_G25_SA2	ABS	1.0.0
641	C21_G25_SAL	ABS	1.0.0
642	C21_G25_SED	ABS	1.0.0
643	C21_G25_SUA	ABS	1.0.0
644	C21_G25_UCL	ABS	1.0.0
645	C21_G26_CED	ABS	1.0.0
646	C21_G26_LGA	ABS	1.0.0
647	C21_G26_POA	ABS	1.0.0
648	C21_G26_SA2	ABS	1.0.0
649	C21_G26_SAL	ABS	1.0.0
650	C21_G26_SED	ABS	1.0.0
651	C21_G26_SUA	ABS	1.0.0
652	C21_G26_UCL	ABS	1.0.0
653	C21_G27_CED	ABS	1.0.0
654	C21_G27_LGA	ABS	1.0.0
655	C21_G27_POA	ABS	1.0.0
656	C21_G27_SA2	ABS	1.0.0
657	C21_G27_SAL	ABS	1.0.0
658	C21_G27_SED	ABS	1.0.0
659	C21_G27_SUA	ABS	1.0.0
660	C21_G27_UCL	ABS	1.0.0
661	C21_G28_CED	ABS	1.0.0
662	C21_G28_LGA	ABS	1.0.0
663	C21_G28_POA	ABS	1.0.0
664	C21_G28_SA2	ABS	1.0.0
665	C21_G28_SAL	ABS	1.0.0
666	C21_G28_SED	ABS	1.0.0
667	C21_G28_SUA	ABS	1.0.0
668	C21_G28_UCL	ABS	1.0.0
669	C21_G29_CED	ABS	1.0.0
670	C21_G29_LGA	ABS	1.0.0
671	C21_G29_POA	ABS	1.0.0
672	C21_G29_SA2	ABS	1.0.0
673	C21_G29_SAL	ABS	1.0.0
674	C21_G29_SED	ABS	1.0.0
675	C21_G29_SUA	ABS	1.0.0
676	C21_G29_UCL	ABS	1.0.0
677	C21_G30_CED	ABS	1.0.0
678	C21_G30_LGA	ABS	1.0.0
679	C21_G30_POA	ABS	1.0.0
680	C21_G30_SA2	ABS	1.0.0
681	C21_G30_SAL	ABS	1.0.0
682	C21_G30_SED	ABS	1.0.0
683	C21_G30_SUA	ABS	1.0.0
684	C21_G30_UCL	ABS	1.0.0
685	C21_G31_CED	ABS	1.0.0
686	C21_G31_LGA	ABS	1.0.0
687	C21_G31_POA	ABS	1.0.0
688	C21_G31_SA2	ABS	1.0.0
689	C21_G31_SAL	ABS	1.0.0
690	C21_G31_SED	ABS	1.0.0
691	C21_G31_SUA	ABS	1.0.0
692	C21_G31_UCL	ABS	1.0.0
693	C21_G32_CED	ABS	1.0.0
694	C21_G32_LGA	ABS	1.0.0
695	C21_G32_POA	ABS	1.0.0
696	C21_G32_SA2	ABS	1.0.0
697	C21_G32_SAL	ABS	1.0.0
698	C21_G32_SED	ABS	1.0.0
699	C21_G32_SUA	ABS	1.0.0
700	C21_G32_UCL	ABS	1.0.0
701	C21_G33_CED	ABS	1.0.0
702	C21_G33_LGA	ABS	1.0.0
703	C21_G33_POA	ABS	1.0.0
704	C21_G33_SA2	ABS	1.0.0
705	C21_G33_SAL	ABS	1.0.0
706	C21_G33_SED	ABS	1.0.0
707	C21_G33_SUA	ABS	1.0.0
708	C21_G33_UCL	ABS	1.0.0
709	C21_G34_CED	ABS	1.0.0
710	C21_G34_LGA	ABS	1.0.0
711	C21_G34_POA	ABS	1.0.0
712	C21_G34_SA2	ABS	1.0.0
713	C21_G34_SAL	ABS	1.0.0
714	C21_G34_SED	ABS	1.0.0
715	C21_G34_SUA	ABS	1.0.0
716	C21_G34_UCL	ABS	1.0.0
717	C21_G35_CED	ABS	1.0.0
718	C21_G35_LGA	ABS	1.0.0
719	C21_G35_POA	ABS	1.0.0
720	C21_G35_SA2	ABS	1.0.0
721	C21_G35_SAL	ABS	1.0.0
722	C21_G35_SED	ABS	1.0.0
723	C21_G35_SUA	ABS	1.0.0
724	C21_G35_UCL	ABS	1.0.0
725	C21_G36_CED	ABS	1.0.0
726	C21_G36_LGA	ABS	1.0.0
727	C21_G36_POA	ABS	1.0.0
728	C21_G36_SA2	ABS	1.0.0
729	C21_G36_SAL	ABS	1.0.0
730	C21_G36_SED	ABS	1.0.0
731	C21_G36_SUA	ABS	1.0.0
732	C21_G36_UCL	ABS	1.0.0
733	C21_G37_CED	ABS	1.0.0
734	C21_G37_LGA	ABS	1.0.0
735	C21_G37_POA	ABS	1.0.0
736	C21_G37_SA2	ABS	1.0.0
737	C21_G37_SAL	ABS	1.0.0
738	C21_G37_SED	ABS	1.0.0
739	C21_G37_SUA	ABS	1.0.0
740	C21_G37_UCL	ABS	1.0.0
741	C21_G38_CED	ABS	1.0.0
742	C21_G38_LGA	ABS	1.0.0
743	C21_G38_POA	ABS	1.0.0
744	C21_G38_SA2	ABS	1.0.0
745	C21_G38_SAL	ABS	1.0.0
746	C21_G38_SED	ABS	1.0.0
747	C21_G38_SUA	ABS	1.0.0
748	C21_G38_UCL	ABS	1.0.0
749	C21_G39_CED	ABS	1.0.0
750	C21_G39_LGA	ABS	1.0.0
751	C21_G39_POA	ABS	1.0.0
752	C21_G39_SA2	ABS	1.0.0
753	C21_G39_SAL	ABS	1.0.0
754	C21_G39_SED	ABS	1.0.0
755	C21_G39_SUA	ABS	1.0.0
756	C21_G39_UCL	ABS	1.0.0
757	C21_G40_CED	ABS	1.0.0
758	C21_G40_LGA	ABS	1.0.0
759	C21_G40_POA	ABS	1.0.0
760	C21_G40_SA2	ABS	1.0.0
761	C21_G40_SAL	ABS	1.0.0
762	C21_G40_SED	ABS	1.0.0
763	C21_G40_SUA	ABS	1.0.0
764	C21_G40_UCL	ABS	1.0.0
765	C21_G41_CED	ABS	1.0.0
766	C21_G41_LGA	ABS	1.0.0
767	C21_G41_POA	ABS	1.0.0
768	C21_G41_SA2	ABS	1.0.0
769	C21_G41_SAL	ABS	1.0.0
770	C21_G41_SED	ABS	1.0.0
771	C21_G41_SUA	ABS	1.0.0
772	C21_G41_UCL	ABS	1.0.0
773	C21_G42_CED	ABS	1.0.0
774	C21_G42_LGA	ABS	1.0.0
775	C21_G42_POA	ABS	1.0.0
776	C21_G42_SA2	ABS	1.0.0
777	C21_G42_SAL	ABS	1.0.0
778	C21_G42_SED	ABS	1.0.0
779	C21_G42_SUA	ABS	1.0.0
780	C21_G42_UCL	ABS	1.0.0
781	C21_G43_CED	ABS	1.0.0
782	C21_G43_LGA	ABS	1.0.0
783	C21_G43_POA	ABS	1.0.0
784	C21_G43_SA2	ABS	1.0.0
785	C21_G43_SAL	ABS	1.0.0
786	C21_G43_SED	ABS	1.0.0
787	C21_G43_SUA	ABS	1.0.0
788	C21_G43_UCL	ABS	1.0.0
789	C21_G44_CED	ABS	1.0.0
790	C21_G44_LGA	ABS	1.0.0
791	C21_G44_POA	ABS	1.0.0
792	C21_G44_SA2	ABS	1.0.0
793	C21_G44_SAL	ABS	1.0.0
794	C21_G44_SED	ABS	1.0.0
795	C21_G44_SUA	ABS	1.0.0
796	C21_G44_UCL	ABS	1.0.0
797	C21_G45_CED	ABS	1.0.0
798	C21_G45_LGA	ABS	1.0.0
799	C21_G45_POA	ABS	1.0.0
800	C21_G45_SA2	ABS	1.0.0
801	C21_G45_SAL	ABS	1.0.0
802	C21_G45_SED	ABS	1.0.0
803	C21_G45_SUA	ABS	1.0.0
804	C21_G45_UCL	ABS	1.0.0
805	C21_G46_CED	ABS	1.0.0
806	C21_G46_LGA	ABS	1.0.0
807	C21_G46_POA	ABS	1.0.0
808	C21_G46_SA2	ABS	1.0.0
809	C21_G46_SAL	ABS	1.0.0
810	C21_G46_SED	ABS	1.0.0
811	C21_G46_SUA	ABS	1.0.0
812	C21_G46_UCL	ABS	1.0.0
813	C21_G47_CED	ABS	1.0.0
814	C21_G47_LGA	ABS	1.0.0
815	C21_G47_POA	ABS	1.0.0
816	C21_G47_SA2	ABS	1.0.0
817	C21_G47_SAL	ABS	1.0.0
818	C21_G47_SED	ABS	1.0.0
819	C21_G47_SUA	ABS	1.0.0
820	C21_G47_UCL	ABS	1.0.0
821	C21_G48_CED	ABS	1.0.0
822	C21_G48_LGA	ABS	1.0.0
823	C21_G48_POA	ABS	1.0.0
824	C21_G48_SA2	ABS	1.0.0
825	C21_G48_SAL	ABS	1.0.0
826	C21_G48_SED	ABS	1.0.0
827	C21_G48_SUA	ABS	1.0.0
828	C21_G48_UCL	ABS	1.0.0
829	C21_G49_CED	ABS	1.0.0
830	C21_G49_LGA	ABS	1.0.0
831	C21_G49_POA	ABS	1.0.0
832	C21_G49_SA2	ABS	1.0.0
833	C21_G49_SAL	ABS	1.0.0
834	C21_G49_SED	ABS	1.0.0
835	C21_G49_SUA	ABS	1.0.0
836	C21_G49_UCL	ABS	1.0.0
837	C21_G50_CED	ABS	1.0.0
838	C21_G50_LGA	ABS	1.0.0
839	C21_G50_POA	ABS	1.0.0
840	C21_G50_SA2	ABS	1.0.0
841	C21_G50_SAL	ABS	1.0.0
842	C21_G50_SED	ABS	1.0.0
843	C21_G50_SUA	ABS	1.0.0
844	C21_G50_UCL	ABS	1.0.0
845	C21_G51_CED	ABS	1.0.0
846	C21_G51_LGA	ABS	1.0.0
847	C21_G51_POA	ABS	1.0.0
848	C21_G51_SA2	ABS	1.0.0
849	C21_G51_SAL	ABS	1.0.0
850	C21_G51_SED	ABS	1.0.0
851	C21_G51_SUA	ABS	1.0.0
852	C21_G51_UCL	ABS	1.0.0
853	C21_G52_CED	ABS	1.0.0
854	C21_G52_LGA	ABS	1.0.0
855	C21_G52_POA	ABS	1.0.0
856	C21_G52_SA2	ABS	1.0.0
857	C21_G52_SAL	ABS	1.0.0
858	C21_G52_SED	ABS	1.0.0
859	C21_G52_SUA	ABS	1.0.0
860	C21_G52_UCL	ABS	1.0.0
861	C21_G53_CED	ABS	1.0.0
862	C21_G53_LGA	ABS	1.0.0
863	C21_G53_POA	ABS	1.0.0
864	C21_G53_SA2	ABS	1.0.0
865	C21_G53_SAL	ABS	1.0.0
866	C21_G53_SED	ABS	1.0.0
867	C21_G53_SUA	ABS	1.0.0
868	C21_G53_UCL	ABS	1.0.0
869	C21_G54_CED	ABS	1.0.0
870	C21_G54_LGA	ABS	1.0.0
871	C21_G54_POA	ABS	1.0.0
872	C21_G54_SA2	ABS	1.0.0
873	C21_G54_SAL	ABS	1.0.0
874	C21_G54_SED	ABS	1.0.0
875	C21_G54_SUA	ABS	1.0.0
876	C21_G54_UCL	ABS	1.0.0
877	C21_G55_CED	ABS	1.0.0
878	C21_G55_LGA	ABS	1.0.0
879	C21_G55_POA	ABS	1.0.0
880	C21_G55_SA2	ABS	1.0.0
881	C21_G55_SAL	ABS	1.0.0
882	C21_G55_SED	ABS	1.0.0
883	C21_G55_SUA	ABS	1.0.0
884	C21_G55_UCL	ABS	1.0.0
885	C21_G56_CED	ABS	1.0.0
886	C21_G56_LGA	ABS	1.0.0
887	C21_G56_POA	ABS	1.0.0
888	C21_G56_SA2	ABS	1.0.0
889	C21_G56_SAL	ABS	1.0.0
890	C21_G56_SED	ABS	1.0.0
891	C21_G56_SUA	ABS	1.0.0
892	C21_G56_UCL	ABS	1.0.0
893	C21_G57_CED	ABS	1.0.0
894	C21_G57_LGA	ABS	1.0.0
895	C21_G57_POA	ABS	1.0.0
896	C21_G57_SA2	ABS	1.0.0
897	C21_G57_SAL	ABS	1.0.0
898	C21_G57_SED	ABS	1.0.0
899	C21_G57_SUA	ABS	1.0.0
900	C21_G57_UCL	ABS	1.0.0
901	C21_G58_CED	ABS	1.0.0
902	C21_G58_LGA	ABS	1.0.0
903	C21_G58_POA	ABS	1.0.0
904	C21_G58_SA2	ABS	1.0.0
905	C21_G58_SAL	ABS	1.0.0
906	C21_G58_SED	ABS	1.0.0
907	C21_G58_SUA	ABS	1.0.0
908	C21_G58_UCL	ABS	1.0.0
909	C21_G59_CED	ABS	1.0.0
910	C21_G59_LGA	ABS	1.0.0
911	C21_G59_POA	ABS	1.0.0
912	C21_G59_SA2	ABS	1.0.0
913	C21_G59_SAL	ABS	1.0.0
914	C21_G59_SED	ABS	1.0.0
915	C21_G59_SUA	ABS	1.0.0
916	C21_G59_UCL	ABS	1.0.0
917	C21_G60_CED	ABS	1.0.0
918	C21_G60_LGA	ABS	1.0.0
919	C21_G60_POA	ABS	1.0.0
920	C21_G60_SA2	ABS	1.0.0
921	C21_G60_SAL	ABS	1.0.0
922	C21_G60_SED	ABS	1.0.0
923	C21_G60_SUA	ABS	1.0.0
924	C21_G60_UCL	ABS	1.0.0
925	C21_G61_CED	ABS	1.0.0
926	C21_G61_LGA	ABS	1.0.0
927	C21_G61_POA	ABS	1.0.0
928	C21_G61_SA2	ABS	1.0.0
929	C21_G61_SAL	ABS	1.0.0
930	C21_G61_SED	ABS	1.0.0
931	C21_G61_SUA	ABS	1.0.0
932	C21_G61_UCL	ABS	1.0.0
933	C21_G62_CED	ABS	1.0.0
934	C21_G62_LGA	ABS	1.0.0
935	C21_G62_POA	ABS	1.0.0
936	C21_G62_SA2	ABS	1.0.0
937	C21_G62_SAL	ABS	1.0.0
938	C21_G62_SED	ABS	1.0.0
939	C21_G62_SUA	ABS	1.0.0
940	C21_G62_UCL	ABS	1.0.0
941	C21_T01_LGA	ABS	1.0.0
942	C21_T01_SA2	ABS	1.0.0
943	C21_T02_LGA	ABS	1.0.0
944	C21_T02_SA2	ABS	1.0.0
945	C21_T03_LGA	ABS	1.0.0
946	C21_T03_SA2	ABS	1.0.0
947	C21_T04_LGA	ABS	1.0.0
948	C21_T04_SA2	ABS	1.0.0
949	C21_T05_LGA	ABS	1.0.0
950	C21_T05_SA2	ABS	1.0.0
951	C21_T06_LGA	ABS	1.0.0
952	C21_T06_SA2	ABS	1.0.0
953	C21_T07_LGA	ABS	1.0.0
954	C21_T07_SA2	ABS	1.0.0
955	C21_T08_LGA	ABS	1.0.0
956	C21_T08_SA2	ABS	1.0.0
957	C21_T09_LGA	ABS	1.0.0
958	C21_T09_SA2	ABS	1.0.0
959	C21_T10_LGA	ABS	1.0.0
960	C21_T10_SA2	ABS	1.0.0
961	C21_T11_LGA	ABS	1.0.0
962	C21_T11_SA2	ABS	1.0.0
963	C21_T12_LGA	ABS	1.0.0
964	C21_T12_SA2	ABS	1.0.0
965	C21_T13_LGA	ABS	1.0.0
966	C21_T13_SA2	ABS	1.0.0
967	C21_T14_LGA	ABS	1.0.0
968	C21_T14_SA2	ABS	1.0.0
969	C21_T15_LGA	ABS	1.0.0
970	C21_T15_SA2	ABS	1.0.0
971	C21_T16_LGA	ABS	1.0.0
972	C21_T16_SA2	ABS	1.0.0
973	C21_T17_LGA	ABS	1.0.0
974	C21_T17_SA2	ABS	1.0.0
975	C21_T18_LGA	ABS	1.0.0
976	C21_T18_SA2	ABS	1.0.0
977	C21_T19_LGA	ABS	1.0.0
978	C21_T19_SA2	ABS	1.0.0
979	C21_T20_LGA	ABS	1.0.0
980	C21_T20_SA2	ABS	1.0.0
981	C21_T21_LGA	ABS	1.0.0
982	C21_T21_SA2	ABS	1.0.0
983	C21_T22_LGA	ABS	1.0.0
984	C21_T22_SA2	ABS	1.0.0
985	C21_T23_LGA	ABS	1.0.0
986	C21_T23_SA2	ABS	1.0.0
987	C21_T24_LGA	ABS	1.0.0
988	C21_T24_SA2	ABS	1.0.0
989	C21_T25_LGA	ABS	1.0.0
990	C21_T25_SA2	ABS	1.0.0
991	C21_T26_LGA	ABS	1.0.0
992	C21_T26_SA2	ABS	1.0.0
993	C21_T27_LGA	ABS	1.0.0
994	C21_T27_SA2	ABS	1.0.0
995	C21_T28_LGA	ABS	1.0.0
996	C21_T28_SA2	ABS	1.0.0
997	C21_T29_LGA	ABS	1.0.0
998	C21_T29_SA2	ABS	1.0.0
999	C21_T30_LGA	ABS	1.0.0
1000	C21_T30_SA2	ABS	1.0.0
1001	C21_T31_LGA	ABS	1.0.0
1002	C21_T31_SA2	ABS	1.0.0
1003	C21_T32_LGA	ABS	1.0.0
1004	C21_T32_SA2	ABS	1.0.0
1005	C21_T33_LGA	ABS	1.0.0
1006	C21_T33_SA2	ABS	1.0.0
1007	C21_T34_LGA	ABS	1.0.0
1008	C21_T34_SA2	ABS	1.0.0
1009	C21_T35_LGA	ABS	1.0.0
1010	C21_T35_SA2	ABS	1.0.0
1011	CAPEX	ABS	1.0.0
1012	CONFINEMENTS_NUPTIALITY	ABS	1.0.0
1013	CONFINEMENTS_PLURALITY	ABS	1.0.0
1014	COVID_HI	ABS	1.0.0
1015	COVID_HS	ABS	1.0.0
1016	COVID_SALTS	ABS	1.0.0
1017	COVID_SC	ABS	1.0.0
1018	CPI	ABS	1.1.0
1019	CPI_M	ABS	1.0.0
1020	CWD	ABS	1.0.0
1021	DEATHS_AGESPECIFIC_OCCURENCEYEAR	ABS	1.0.0
1022	DEATHS_AGESPECIFIC_REGISTRATIONYEAR	ABS	1.0.0
1023	DEATHS_AGESPECIFIC_REGISTRATIONYEAR_1	ABS	1.0.0
1024	DEATHS_INDIGENOUS	ABS	1.0.0
1025	DEATHS_INDIGENOUS_SUMMARY	ABS	1.0.0
1026	DEATHS_MARITAL_STATUS	ABS	1.0.0
1027	DEATHS_MONTHOCCURENCE	ABS	1.0.0
1028	DEATHS_SUMMARY	ABS	1.0.0
1029	ERP_ASGS2016	ABS	1.0.0
1030	ERP_ASGS2021	ABS	1.0.0
1031	ERP_COB	ABS	1.0.0
1032	ERP_COMP_LGA2019	ABS	1.0.0
1033	ERP_COMP_LGA2020	ABS	1.0.0
1034	ERP_COMP_LGA2021	ABS	1.0.0
1035	ERP_COMP_Q	ABS	1.0.0
1036	ERP_COMP_SA	ABS	1.0.0
1037	ERP_LGA2019	ABS	1.0.0
1038	ERP_LGA2020	ABS	1.0.0
1039	ERP_LGA2021	ABS	1.0.0
1040	ERP_Q	ABS	1.0.0
1041	EWD	ABS	1.0.0
1042	FERTILITY_AGE_STATE	ABS	1.0.0
1043	INFANTDEATHS_REGISTRATIONYEAR	ABS	1.0.0
1044	INFANTDEATHS_YEAROCCURENCE	ABS	1.0.0
1045	ITGS	ABS	1.0.0
1046	ITPI_EXP	ABS	1.0.0
1047	ITPI_IMP	ABS	1.0.0
1048	JV	ABS	1.0.0
1049	LCI	ABS	1.0.0
1050	LC_CM_15	ABS	1.0.0
1051	LC_CM_YR	ABS	1.0.0
1052	LC_PA_15	ABS	1.0.0
1053	LC_PA_YR	ABS	1.0.0
1054	LC_TS	ABS	1.0.0
1055	LEND_BUSINESS	ABS	1.0.0
1056	LEND_HOUSING	ABS	1.0.0
1057	LEND_PERSONAL	ABS	1.0.0
1058	LF	ABS	1.0.0
1059	LT_CM_16	ABS	1.0.0
1060	LT_PA_16	ABS	1.0.0
1061	MERCH_EXP	ABS	1.0.0
1062	MERCH_IMP	ABS	1.0.0
1063	MIN_EXP	ABS	1.0.0
1064	NIM_CY	ABS	1.0.0
1065	NIM_FY	ABS	1.0.0
1066	NOM_CY	ABS	1.0.0
1067	NOM_FY	ABS	1.0.0
1068	OAD_COUNTRY	ABS	1.0.0
1069	OAD_REASON	ABS	1.0.0
1070	PATERNITY_AGE_STATE	ABS	1.0.0
1071	PET_EXP	ABS	1.0.0
1072	POPULATION_CLOCK	ABS	1.0.0
1073	POP_PROJ_2011	ABS	1.0.0
1074	POP_PROJ_REGION_2012_2061	ABS	1.0.0
1075	PPI	ABS	1.0.0
1076	PPI_FD	ABS	1.0.0
1077	PROV_MORTALITY	ABS	1.0.0
1078	PROV_MORTALITY_CAUSE	ABS	1.0.0
1079	PROV_MORTALITY_CAUSE_WK	ABS	1.0.0
1080	PROV_MORTALITY_WK	ABS	1.0.0
1081	QBIS	ABS	1.0.0
1082	RES_DWELL	ABS	1.0.0
1083	RES_DWELL_ST	ABS	1.0.0
1084	RIME_LGA2011	ABS	1.0.0
1085	RIME_REGION	ABS	1.0.0
1086	RIME_SA4_GCCSA_STE	ABS	1.0.0
1087	RIM_SA4_GCCSA_STE_H	ABS	1.0.0
1088	RIN_SA34_GCCSA_STE	ABS	1.0.0
1089	RPPI	ABS	1.0.0
1090	RT	ABS	1.0.0
1091	RT_AGG	ABS	1.0.0
1092	SEIFA_POA	ABS	1.0.0
1093	SEIFA_SA1	ABS	1.0.0
1094	SEIFA_SSC	ABS	1.0.0
1095	TRADE_SERV_CNTRY_CY	ABS	1.0.0
1096	TRADE_SERV_CNTRY_FY	ABS	1.0.0
1097	TRADE_SERV_STATE_CY	ABS	1.0.0
1098	TRADE_SERV_STATE_FY	ABS	1.0.0
1099	WPI	ABS	1.2.0
